{
  "num_subjects": 137,
  "precision": 0.5555555555555556,
  "recall": 0.6666666666666666,
  "f1": 0.6060606060606061,
  "flatency": -35.28422915284229,
  "mean_speed": -58.21897810218978,
  "mean_latencyT": 59.21897810218978,
  "ERDE5": 0.13866808304190326,
  "ERDE50": 0.11679497113774126,
  "P@10": 0.5,
  "NDCG@10": 0.5072380780124418,
  "P@100": 0.14,
  "NDCG@100": 0.7454873218254005
}